<?xml version="1.0" encoding="UTF-8" ?>
<document>
<!--The data in this file is primarily intended for consumption by Xilinx tools.
The structure and the elements are likely to change over the next few releases.
This means code written to parse this file will need to be revisited each subsequent release.-->
<application name="pa" timeStamp="Fri Jun 02 14:07:59 2017">
<section name="Project Information" visible="false">
<property name="ProjectID" value="7a4ce351c21c4e94baf46d5a308eb4f3" type="ProjectID"/>
<property name="ProjectIteration" value="1" type="ProjectIteration"/>
</section>
<section name="PlanAhead Usage" visible="true">
<item name="Project Data">
<property name="SrcSetCount" value="1" type="SrcSetCount"/>
<property name="ConstraintSetCount" value="1" type="ConstraintSetCount"/>
<property name="DesignMode" value="RTL" type="DesignMode"/>
<property name="SynthesisStrategy" value="Vivado Synthesis Defaults" type="SynthesisStrategy"/>
<property name="ImplStrategy" value="Vivado Implementation Defaults" type="ImplStrategy"/>
</item>
<item name="Java Command Handlers">
<property name="SimulationRun" value="2" type="JavaHandler"/>
</item>
<item name="Gui Resources Info">
<property name="OR.v, 1, 524" value="1" type="GuiResourceData"/>
<property name="OR.v, 119, 384" value="1" type="GuiResourceData"/>
<property name="OR.v, 122, 526" value="1" type="GuiResourceData"/>
<property name="OR.v, 137, 440" value="1" type="GuiResourceData"/>
<property name="OR.v, 143, 484" value="1" type="GuiResourceData"/>
<property name="OR.v, 144, 400" value="1" type="GuiResourceData"/>
<property name="OR.v, 144, 462" value="1" type="GuiResourceData"/>
<property name="OR.v, 61, 387" value="1" type="GuiResourceData"/>
<property name="PAResourceAtoD.CmdMsgDialog_OK, OK" value="1" type="GuiResourceData"/>
<property name="PAResourceCommand.PACommandNames_SIMULATION_RUN_BEHAVIORAL, Run Behavioral Simulation" value="2" type="GuiResourceData"/>
<property name="PAResourceEtoH.FileSetPanel_FILE_SET_PANEL_TREE, [root, Design Sources, testbench (testbench.v" value="2" type="GuiResourceData"/>
<property name="PAResourceEtoH.FlowNavigatorTreePanel_FLOW_NAVIGATOR_TREE, [, Simulation, Run Simulation], 11, false" value="2" type="GuiResourceData"/>
<property name="PAResourceItoN.MainMenuMgr_FILE, File" value="2" type="GuiResourceData"/>
<property name="PAResourceItoN.MainMenuMgr_OPEN_RECENT_FILE, Open Recent File" value="2" type="GuiResourceData"/>
<property name="PAResourceItoN.MainMenuMgr_OPEN_RECENT_PROJECT, Open Recent Project" value="1" type="GuiResourceData"/>
<property name="RDIResource.GraphicalView_ZOOM_FIT, Waveform Viewer_zoom_fit" value="1" type="GuiResourceData"/>
<property name="RDIResource.RDIViews_WAVEFORM_VIEWER, Untitled 2*" value="1" type="GuiResourceData"/>
<property name="RDIResourceCommand.RDICommands_COPY, Copy" value="1" type="GuiResourceData"/>
<property name="RDIResourceCommand.RDICommands_CUT, Cut" value="1" type="GuiResourceData"/>
<property name="RDIResourceCommand.RDICommands_PASTE, Paste" value="1" type="GuiResourceData"/>
<property name="testbench.v, 106, 569" value="1" type="GuiResourceData"/>
<property name="testbench.v, 110, 503" value="1" type="GuiResourceData"/>
<property name="testbench.v, 113, 437" value="1" type="GuiResourceData"/>
<property name="testbench.v, 123, 284" value="1" type="GuiResourceData"/>
<property name="testbench.v, 124, 620" value="1" type="GuiResourceData"/>
<property name="testbench.v, 126, 370" value="1" type="GuiResourceData"/>
<property name="testbench.v, 136, 537" value="1" type="GuiResourceData"/>
<property name="testbench.v, 139, 495" value="1" type="GuiResourceData"/>
<property name="testbench.v, 165, 432" value="1" type="GuiResourceData"/>
<property name="testbench.v, 167, 366" value="1" type="GuiResourceData"/>
<property name="testbench.v, 18, 486, false, false, false, true, false" value="1" type="GuiResourceData"/>
<property name="testbench.v, 204, 367" value="1" type="GuiResourceData"/>
<property name="testbench.v, 26, 396, false, false, false, true, false" value="1" type="GuiResourceData"/>
<property name="testbench.v, 3, 509" value="1" type="GuiResourceData"/>
<property name="testbench.v, 312, 368" value="1" type="GuiResourceData"/>
<property name="testbench.v, 32, 504" value="1" type="GuiResourceData"/>
<property name="testbench.v, 42, 363" value="1" type="GuiResourceData"/>
<property name="testbench.v, 51, 583, false, false, false, true, false" value="1" type="GuiResourceData"/>
<property name="testbench.v, 54, 361" value="1" type="GuiResourceData"/>
<property name="testbench.v, 59, 533" value="1" type="GuiResourceData"/>
<property name="testbench.v, 63, 370" value="1" type="GuiResourceData"/>
<property name="testbench.v, 66, 505" value="1" type="GuiResourceData"/>
<property name="testbench.v, 77, 456" value="1" type="GuiResourceData"/>
<property name="testbench.v, 80, 279" value="1" type="GuiResourceData"/>
<property name="testbench.v, 86, 501" value="1" type="GuiResourceData"/>
<property name="testbench.v, 86, 602" value="1" type="GuiResourceData"/>
<property name="testbench.v, 95, 521" value="1" type="GuiResourceData"/>
<property name="testbench.v, 95, 605" value="1" type="GuiResourceData"/>
</item>
<item name="Other">
<property name="GuiMode" value="25" type="GuiMode"/>
<property name="BatchMode" value="0" type="BatchMode"/>
<property name="TclMode" value="22" type="TclMode"/>
</item>
</section>
</application>
</document>
